Zone_ID,Mean_LST,Mean_Predicted_LST,Max_LST,Mean_NDVI,Mean_NDBI,Mean_Population,Point_Count,Very_High_Hotspot_Count,Zone_Latitude,Zone_Longitude,Hotspot_Percentage,Hotspot_Priority
4_22,48.15865457000003,46.650745,50.44758863000004,0.22296348698898324,0.09278558002256591,2.5846551656723022,6,5,19.81098787173843,75.58488838051107,83.33,High Priority
4_21,47.612930353793125,46.940758,49.48199798000002,0.18882134736780423,0.10316729790909444,2.618992262873156,29,27,19.81318657181185,75.5718238131596,93.1,High Priority
5_20,47.55252569000002,45.852337,50.034008210000025,0.20205943279262897,0.04712222590392338,2.8405244036724695,38,35,19.832173498398138,75.55311056649676,92.11,High Priority
3_21,47.517680875000025,46.191303,50.25788852000005,0.2048357921477962,0.07518396007053012,2.340091029802958,18,14,19.799522350269676,75.56960760890544,77.78,High Priority
4_20,47.51677889750002,46.27741,50.60823557000003,0.197169846244933,0.05891253580169552,2.68491448296441,36,31,19.812505386381705,75.5527329461197,86.11,High Priority
0_15,47.465366180000046,47.15638,47.465366180000046,0.1274801587301587,0.1010480522048645,2.911846399307251,1,1,19.74184888764556,75.44556345164725,100.0,High Priority
6_20,47.432254111250025,45.72159,50.30915881999999,0.1945453560905123,0.07691824187440964,5.377040460705757,32,29,19.853782751437166,75.55195642215162,90.62,High Priority
5_22,47.20315521714287,46.952824,48.76079576000001,0.18378728604244937,0.10180031434597071,2.3679500988551547,7,5,19.828270531517635,75.58356251215189,71.43,High Priority
7_15,47.18632609896554,46.21058,50.28352367000002,0.1781686282601766,0.07114890310451706,6.307922215297304,29,23,19.87495758359587,75.45250762020787,79.31,High Priority
5_21,47.05427806625002,46.454086,50.6475428,0.16633603485565773,0.11384166563881186,2.370611935853958,24,18,19.832869676151873,75.57240974990607,75.0,High Priority
10_6,46.902010022500015,45.987278,49.40509253000005,0.1714366480541297,0.08985581209821542,3.4436314238442316,36,27,19.934928738616485,75.27160421167224,75.0,Standard
6_22,46.83588083000002,46.549583,48.63945605000004,0.17558388893305374,0.15495761625518803,2.673345618777805,9,6,19.854958473495156,75.58377605455043,66.67,Standard
12_5,46.8348505757447,46.343166,49.51276016000003,0.18308592950945396,0.07354039930346248,1.725153476633924,47,29,19.972958185208963,75.25248048030777,61.7,Standard
6_21,46.81985511342106,46.22038,50.42366249000003,0.18220871961765386,0.1009390536193369,2.509531937147442,38,27,19.85162545073175,75.57151809934857,71.05,Standard
10_21,46.802623888275875,46.059124,49.07012657000001,0.2040388376864392,0.10288659873851626,2.130971670150757,29,20,19.932129152016802,75.57396453285925,68.97,Standard
10_8,46.66780539320001,45.397778,50.30744980999998,0.18701440383514445,0.05683193150306179,7.756143207550049,25,17,19.934673684101575,75.3096052249706,68.0,Standard
11_5,46.580393656896575,45.455353,50.31428585000003,0.22795437534405713,0.07724985852125796,2.6894410889724205,29,19,19.953942869183933,75.25273895289101,65.52,Standard
9_6,46.57330568525002,46.039383,49.72125937999999,0.1524038248222185,0.07064263780353805,9.834663486480713,40,26,19.913069076716695,75.27173767180308,65.0,Standard
2_12,46.56733839200002,45.29273,50.28010565,0.2133133300034297,0.0828324342153425,1.8681556026140849,30,22,19.77407827855404,75.39131918168421,73.33,Standard
11_21,46.51622475125002,45.701504,49.89728740999999,0.2083138125838886,0.07200843196132661,2.2295954264700413,32,22,19.953878840490976,75.57060490179451,68.75,Standard
8_14,46.47732745270272,45.80378,49.29229787000003,0.2263780578130153,0.03887733328113797,5.551558249705547,37,26,19.8932800318612,75.4324998097884,70.27,Standard
13_18,46.4295393873171,45.634354,49.16754014000003,0.18949065160473047,0.08533765801484976,1.9902977420062553,41,26,19.99125624834557,75.51171552520215,63.41,Standard
8_15,46.405890238709695,44.94547,48.74028764000002,0.24283407603642118,0.029493524817543807,6.29888125388853,31,21,19.892208041683585,75.45370247101904,67.74,Standard
13_17,46.29685907600002,45.001347,48.96929498000003,0.20249361339643063,0.07250446716604696,2.383109724521637,30,16,19.99262225394723,75.49129295654168,53.33,Standard
7_4,46.264152667419374,45.549786,49.82038196000002,0.15522461293178194,0.06896832473728773,10.660989992080196,31,20,19.87406411543733,75.23174792734291,64.52,Standard
7_20,46.185210876875026,45.681713,49.76569364,0.18046919834653655,0.07782332810433767,7.3821322321891785,32,19,19.873921462711746,75.55363094324714,59.38,Standard
2_11,46.16742335000002,45.697147,51.31576571000005,0.2026837237198615,0.10107711596211921,1.5154644846916199,34,20,19.772851980341336,75.37182948048101,58.82,Standard
9_15,46.15512518000002,44.959736,48.967585970000016,0.22552992398318508,0.03628206139131234,2.8973338762919107,30,15,19.913242484029237,75.45099642272153,50.0,Standard
14_18,46.13569066884617,45.270367,48.85650032000001,0.18969220584594637,0.08010363071065686,1.6513405029590313,26,15,20.011222950484918,75.50951124457451,57.69,Standard
2_13,46.0302372397143,45.710297,48.78813992000005,0.20618589568874462,0.09063485371606933,2.463220739364624,35,21,19.773932067053295,75.41309495612968,60.0,Standard
9_4,46.027928550312524,45.606346,50.30061377000004,0.20173761822313954,0.0677439304369575,8.176185369491577,32,19,19.913219971858926,75.23243672597165,59.38,Standard
10_16,45.94998239405407,45.534576,49.28375282000002,0.1913560391891296,0.10836637443955194,2.4370082391274943,37,21,19.931811100570112,75.47224727192227,56.76,Standard
11_17,45.945963911081094,45.84207,48.86162735000005,0.18992810235384983,0.10089908688300386,2.3909669985642306,37,20,19.952896191758743,75.49278888271274,54.05,Standard
12_21,45.941849496153864,45.428032,48.518116340000006,0.21823758971656046,0.07976629703655756,2.636006080187284,13,6,19.96867077172165,75.57141894044184,46.15,Standard
14_11,45.93063137923079,45.776855,48.87359042000003,0.18469741751531082,0.13848953529929017,1.6000850720283313,39,23,20.012259339288697,75.37323503431625,58.97,Standard
5_12,45.929566652972994,45.67334,49.99811900000003,0.2046832873270401,0.06799384333851055,6.85819402900902,37,19,19.834085269359473,75.39151805128455,51.35,Standard
10_7,45.91970905250002,45.22653,51.43539641000001,0.18514841054473197,0.06760979578463217,4.358931293090184,24,14,19.93428223611224,75.2936218908962,58.33,Standard
14_19,45.908116268000015,45.12289,48.62065694,0.22327283823815214,0.05458515615516052,2.135406970977783,5,2,20.005612468299045,75.52680373319416,40.0,Standard
12_2,45.89403084604652,45.567787,51.45590453,0.17800348793829793,0.08004712449314799,1.7939084546510564,43,22,19.972875719378482,75.19177152541027,51.16,Standard
1_10,45.79860670500002,45.314766,50.14680286999999,0.18623225009078015,0.06449445803513293,1.5400654839144812,36,22,19.755525624262525,75.35442439098848,61.11,Standard
9_7,45.78597902000002,44.981224,49.30255193000005,0.24401863563321496,0.08901767280165117,14.63548704429909,27,15,19.914049771238883,75.29097881537052,55.56,Standard
13_15,45.746155526562525,45.666695,49.11285182000006,0.1927183247992274,0.1240353687202535,2.360299777239561,32,16,19.994909448374752,75.45073514707558,50.0,Standard
1_15,45.72053533040002,45.287125,51.71909206999999,0.21564113980254945,0.0615714715552889,2.6683226203918458,25,11,19.753172388563073,75.45349039293534,44.0,Standard
3_8,45.70241281307694,45.05653,49.196593310000026,0.194928059284449,0.07054499677334575,5.616745202969282,39,21,19.794091535563116,75.31117202768989,53.85,Standard
12_18,45.67612765500002,45.264317,48.74199665000003,0.20173489669409633,0.08201018524604917,2.1910744773017035,36,17,19.973861435337138,75.51144053449565,47.22,Standard
15_16,45.61621736000002,45.471012,47.757606890000034,0.20132707259256805,0.09959805134505029,1.625085404941014,42,20,20.034240808729162,75.47206510863194,47.62,Standard
7_18,45.60949918275865,44.917435,48.90435260000004,0.19753532318564043,0.05184937205622335,17.230384300495015,29,12,19.872797031930027,75.5132883695872,41.38,Standard
3_11,45.58630968500002,44.97486,49.097470730000055,0.21470929578442563,0.05822479589918071,3.077833647911365,26,13,19.793547168179547,75.37121145841375,50.0,Standard
13_19,45.58392296413795,44.819164,49.36578530000003,0.22816721725569908,0.061054796675396115,2.7825960126416436,29,15,19.992482152981992,75.53067690254696,51.72,Standard
6_18,45.571783100000026,44.498173,48.495899210000005,0.25545885367019433,0.03086855839978914,6.103304735819498,30,14,19.8530771547659,75.5133548690725,46.67,Standard
2_14,45.566435552580664,45.349606,49.44269075,0.22628326598040058,0.06912068821349635,2.5952820854802288,31,17,19.771542536565054,75.43306397284604,54.84,Standard
5_19,45.5385266891892,44.318382,50.237380400000006,0.23398758563730088,0.023296904268298835,3.649853687028627,37,19,19.8316339560757,75.53299735530805,51.35,Standard
7_14,45.53097527585368,44.94466,48.444628910000006,0.212017468788398,0.0378739563726179,11.008388275053443,41,17,19.873288758903506,75.43246983537587,41.46,Standard
9_8,45.53024672652175,45.210743,49.753730570000016,0.2187692615692368,0.07481764641235444,25.09915828704834,23,14,19.91113987463816,75.30991624203519,60.87,Standard
12_8,45.50243872454547,45.059418,48.76592278999999,0.2076242750762576,0.09024305198987184,2.592821894270001,33,15,19.97390728030358,75.31225907667108,45.45,Standard
1_14,45.474284079500016,45.37996,48.890680520000046,0.19894539917933013,0.05574766966139705,2.7894081473350525,40,21,19.75354045389943,75.43393095189396,52.5,Standard
6_16,45.44685446900002,44.526424,48.16606028000001,0.22793161375510912,0.040049152255485894,6.396655583381653,20,8,19.85310348262902,75.47227480335594,40.0,Standard
10_5,45.445601195000016,45.32336,49.08721667000003,0.20970778040437424,0.05988395764789545,3.887746791044871,24,10,19.932370042718517,75.25185966239006,41.67,Standard
5_11,45.445419936363656,44.47378,49.61017373000004,0.1868962584670597,0.05050953942061753,10.21958708040642,33,13,19.834327550099683,75.37246489927912,39.39,Standard
15_11,45.43004920400002,45.37533,48.83941021999999,0.1914166922363359,0.12625049911329275,1.7152391380733913,45,21,20.032195972620663,75.37340788448135,46.67,Standard
12_9,45.41968121000002,45.053867,49.30596995000002,0.21469987814912894,0.07732016490210743,3.1859380389962877,28,14,19.9730899805706,75.33163929738771,50.0,Standard
9_22,45.41911154000003,45.05528,47.00735150000003,0.2217675158489771,0.0294568118852271,2.5661231411827936,9,4,19.91319065976037,75.58340498582771,44.44,Standard
9_16,45.41255051310347,44.911903,48.65825516000001,0.215457123788588,0.08972446166477176,3.1596589499506456,29,12,19.913438850415897,75.47088493341707,41.38,Standard
12_16,45.39431950160001,45.397667,48.967585970000016,0.19072510123640715,0.12491366384779205,2.184396462440491,25,8,19.973546351791164,75.47315388349811,32.0,Standard
2_10,45.391268918750015,45.177773,48.84966428000001,0.19020977183670112,0.07530483026482604,1.5101846516132356,40,16,19.774979777517377,75.3527075839427,40.0,Standard
15_3,45.386658726451635,45.139965,48.83770120999998,0.20295160550007352,0.07405216684599346,1.5571961441347677,31,13,20.033312305542147,75.21077175913786,41.94,Standard
10_22,45.366274647500006,46.160492,46.40236196000001,0.19597779474231392,0.1339085166353759,2.4228582084178925,4,2,19.9371267155373,75.5832616355265,50.0,Standard
12_6,45.35048821538464,45.080105,49.06841756000006,0.21478808694524437,0.06346272261646167,2.040221229577676,39,20,19.973112739901755,75.27037946293927,51.28,Standard
12_17,45.339476973255834,44.87259,48.81206606000001,0.21423510413817254,0.05891882461953881,2.874986629153407,43,20,19.974340418624656,75.49243835456146,46.51,Standard
11_15,45.30346853000002,45.13926,48.13358908999999,0.1830408394986585,0.09862945857084386,2.5948816003470587,29,11,19.954460607658394,75.45313494671908,37.93,Standard
14_15,45.26225123000001,45.539696,48.45488297000003,0.20180580457192981,0.0897503110192683,2.743186245946323,34,15,20.014435078881142,75.45300220732304,44.12,Standard
9_5,45.25496519857145,45.24091,50.362138130000005,0.24313838767128668,0.027690627720228116,6.564122483843849,42,15,19.913426501392596,75.25035324074022,35.71,Standard
9_9,45.23528492413796,44.584274,49.7075873,0.17905788267951034,0.03158601398638249,45.9702710118787,29,12,19.915514898578735,75.33267070045,41.38,Standard
13_20,45.23297186750002,45.043133,47.76273392000002,0.25076446626082877,0.025768764668842047,2.460432529449463,12,4,19.987680607889704,75.54673143594026,33.33,Standard
14_9,45.217700074651184,45.20438,49.08721667000003,0.2288116178119516,0.1365866571486959,1.3866260231927383,43,18,20.01469580810617,75.3318528658277,41.86,Standard
8_18,45.20234228310346,44.987926,48.49760822000002,0.19548147162866586,0.10613864122390308,12.959497961504706,29,8,19.893686659494232,75.51248960083615,27.59,Standard
13_5,45.198495877307714,44.76911,49.367494309999984,0.20186183928306625,0.07453178016262543,1.433403038061582,26,10,19.99298071449454,75.25115569016471,38.46,Standard
8_21,45.18847657142859,45.281246,49.734931459999984,0.23236394907736785,0.05960910275126363,3.342724895477295,35,13,19.891900872602065,75.57153132965038,37.14,Standard
13_9,45.17945137100002,44.616367,50.902185290000034,0.26576841744034135,0.11015968500224635,1.135170970360438,30,12,19.993965580178997,75.3323861193821,40.0,Standard
11_20,45.16876348538464,45.166656,49.49225204000004,0.21489747292385813,0.08203920191849631,2.6276210943857827,39,15,19.953904003929825,75.55060788530861,38.46,Standard
4_12,45.165608390000024,44.991386,49.417055600000026,0.20896930315984202,0.07881116326726853,3.5682885823426425,27,10,19.81254504041273,75.39188604013701,37.04,Standard
12_15,45.16391902379311,44.912216,48.79497595999999,0.19836870993676997,0.12849526775580936,1.8874826225741157,29,9,19.972826708036454,75.45116193635589,31.03,Standard
14_16,45.14483578035716,44.937267,47.44998509000004,0.19611576633940445,0.06057565265518154,1.8693151559148515,28,9,20.012312749775507,75.47312546006818,32.14,Standard
11_9,45.14202812107145,44.423786,49.51617818,0.18628409126847378,0.05007501927794454,5.790715549673353,28,15,19.95453880283612,75.33294578401225,53.57,Standard
14_10,45.12611127000002,44.87959,49.948557710000046,0.19554711694587368,0.11291321333143539,1.8379601041475933,27,12,20.012808633437604,75.35147207205046,44.44,Standard
3_10,45.12231347000003,44.83956,48.19169542999998,0.1790141030399314,0.06906118663000686,3.067150592803955,23,9,19.79292496222224,75.3534630281257,39.13,Standard
4_13,45.10044819500002,45.00447,48.44633792000002,0.22000114531169193,0.0540717647311336,2.7862648823682,34,12,19.811531392175798,75.41144114148724,35.29,Standard
8_7,45.095692352692325,44.36111,50.10407762,0.18166164945450192,0.08141474958178227,65.02126635037936,26,11,19.89245356849441,75.29114999322111,42.31,Standard
11_18,45.069585485000005,45.668095,47.79691412,0.19614694878071706,0.11860131870937893,2.1154558693661407,34,12,19.954030752516204,75.51274687237769,35.29,Standard
6_15,45.06332315931036,44.42766,47.615759060000016,0.2552878266462892,0.01679159503541882,6.208837180302061,29,16,19.8544418073812,75.45245991851735,55.17,Standard
10_19,45.04835606225002,44.86131,49.25299064000001,0.22732910227359468,0.06509650098100064,2.563261902332306,40,18,19.933777721926948,75.53067617528387,45.0,Standard
8_16,45.01970957333336,44.04826,49.05303647000005,0.24668864750306557,0.017883491048727468,6.7354541884528265,27,7,19.894162644688958,75.47280136715182,25.93,Standard
3_12,45.01421858750002,44.580833,48.27372791000005,0.22306912449186214,0.054854612394525874,2.86089911205428,28,9,19.793605243023528,75.39238896077656,32.14,Standard
9_14,45.012229653448294,44.298542,47.75418887000001,0.20707049596500973,0.03146470210110198,4.097921437230603,29,8,19.91254537883901,75.43178442691233,27.59,Standard
13_16,45.00377653640002,44.69017,48.24296573000004,0.24011651937419434,0.07024738390740995,2.0284620714187622,25,9,19.99274615708785,75.47065130391226,36.0,Standard
6_12,44.97539039818184,44.641212,48.39677662999998,0.18193896414435118,0.056086677032016426,17.035857995351154,33,15,19.852123138302737,75.39140382971671,45.45,Standard
14_17,44.97249026000001,44.6351,47.55936172999998,0.216385612432478,0.051444640372352274,1.932432942920261,27,9,20.0128157890354,75.49375104551216,33.33,Standard
11_4,44.971236986000015,44.72357,50.21174525000004,0.2257995388562016,0.06746872672792639,3.5135351181030274,30,13,19.955211989264757,75.23177889687284,43.33,Standard
7_17,44.969817193076935,44.352924,48.50273525,0.21370527793618288,0.042029258491423215,47.785021378443794,26,8,19.875953115341375,75.49245769630187,30.77,Standard
1_16,44.96638665285717,44.8309,48.84282824000002,0.23326086494215587,0.05312561549974791,3.3134329546065557,21,6,19.756891499265745,75.47187261380002,28.57,Standard
3_9,44.962869166666685,45.101875,48.27543692,0.20933603743760718,0.06718300260790547,3.277036437281856,27,8,19.794507461790616,75.33122851876882,29.63,Standard
11_22,44.91979578500002,44.44612,45.77173727000002,0.24450432598352395,0.03880550674837195,3.648054599761963,2,0,19.952944489761173,75.58355318693494,0.0,Standard
13_8,44.91075874727275,44.78688,51.95664446000001,0.22997881631026418,0.1441008050802151,0.9735195690935309,33,11,19.993444086501793,75.31152213362182,33.33,Standard
11_6,44.88769844093751,44.26936,48.98467606999998,0.21290053725144478,0.03442877331390026,3.350188799202442,32,11,19.954498712955072,75.27133907538847,34.38,Standard
1_12,44.869914055625024,44.248043,49.34527718000004,0.23583960456161063,0.03469774455554599,1.4247367605566978,32,11,19.752621611344825,75.39380289738146,34.38,Standard
12_4,44.834250340000025,44.6773,49.10943380000003,0.1859992366504325,0.06219443214743314,1.9842353330718145,36,15,19.973626903907387,75.23244151116423,41.67,Standard
13_7,44.81917782125002,44.58492,47.88920066000003,0.23911541906663775,0.10830442224987326,1.1111097317188978,32,11,19.992572519895976,75.2906902554495,34.38,Standard
13_11,44.81490093653063,44.950848,50.21687228000002,0.2051205647584086,0.12804961396231831,1.6920170881310288,49,19,19.993305583257897,75.37084271773185,38.78,Standard
11_16,44.806096355000015,44.99113,48.113080970000055,0.21679108840065756,0.0802130476646371,3.2366928633521583,34,10,19.953464265602697,75.47204418720348,29.41,Standard
12_20,44.80546301600002,44.49056,49.94684870000003,0.24866663404996947,0.05428003902615299,2.368764525651932,20,6,19.970779170006836,75.55267437002269,30.0,Standard
6_17,44.79666437096776,44.573673,48.029339479999976,0.21712184625150374,0.0411630753686486,7.06647583746141,31,10,19.854332552011005,75.49357590314023,32.26,Standard
1_11,44.79597204883723,44.102066,49.65289898000003,0.2265746222940292,0.02295455100754036,1.581517491229745,43,17,19.753348395425764,75.37140875744036,39.53,Standard
15_17,44.78386112960002,44.936832,47.59695995000004,0.21165913802220707,0.10289053150390938,1.5471773481369018,25,9,20.029017315241017,75.48806194953156,36.0,Standard
3_20,44.76985529000001,43.32137,48.41728475000002,0.2713428937127852,-0.008691173528213091,3.675650056670694,34,10,19.796396154204697,75.5503689020251,29.41,Standard
1_13,44.76280422750003,44.426037,49.54523135,0.21933214933066206,0.026826338587482058,1.9637638595369127,36,17,19.75480736304784,75.41221732625534,47.22,Standard
5_10,44.74675852250002,44.457714,47.97636017000002,0.174516144085604,0.05817058723040091,32.90099889039993,24,8,19.833845538149287,75.35220510308076,33.33,Standard
0_13,44.72208469062502,44.707363,48.68389031000004,0.230592460549257,0.04612552121098031,1.6301338598132133,16,6,19.736635923524453,75.41061894172279,37.5,Standard
4_11,44.71082184000002,44.312424,48.81890210000006,0.23235191224176072,0.08299323987670665,3.627086639404297,36,14,19.81437230646728,75.37165219535164,38.89,Standard
8_17,44.70867964343753,44.16407,47.61746807000003,0.24515687437381348,0.057032445788617096,27.304584950208664,32,5,19.892046575436638,75.4920703168378,15.62,Standard
7_19,44.707558105625026,44.753876,47.56961579000006,0.198421183978247,0.050858889959200355,10.526143342256546,32,9,19.874338880154497,75.53189949771588,28.12,Standard
8_19,44.684478254230775,45.063946,48.07206473000002,0.20465497673308003,0.08533521597517163,3.67061172081874,26,8,19.89368922189726,75.53308823852184,30.77,Standard
0_6,44.67694546400002,43.506454,48.58647674000002,0.21887281375897835,0.0238576421935565,2.641624979178111,30,12,19.733411604880125,75.27299666350606,40.0,Standard
11_19,44.676702894838726,45.257946,48.36943246999999,0.20627129797773433,0.11921350731293463,2.3591612538983746,31,10,19.95288480354062,75.53173813225568,32.26,Standard
12_19,44.66470895240001,44.890717,47.68241045000002,0.23360249279705003,0.08371989121579274,3.0442333316802976,25,9,19.97450596960837,75.5334198039206,36.0,Standard
1_17,44.64122715500001,44.07226,48.27714593000002,0.2689593683768172,0.01591567771243537,5.25540406703949,10,4,19.761084958624703,75.48900442967786,40.0,Standard
0_11,44.627469624500016,44.135513,49.42730965999999,0.22724473319476793,0.025634757427386225,1.508597081899643,20,8,19.736980850623457,75.37227722242724,40.0,Standard
3_7,44.62077244156252,44.253773,48.67192724000006,0.2074916063693518,0.05223288259733227,8.420843347907066,32,11,19.79305405048881,75.29262699513586,34.38,Standard
12_11,44.59661299921055,44.421776,49.05132746000004,0.19009450829191774,0.052173163597619365,10.290577436748304,38,13,19.97246073873121,75.37394790051225,34.21,Standard
3_15,44.563093354062524,44.916695,48.77275883000004,0.21927164501418733,0.08063858536062136,3.359510786831379,32,14,19.79463682187229,75.45101856453155,43.75,Standard
7_22,44.55834017000003,45.137188,46.15626452000004,0.23049838798146202,0.06705008891243706,4.7629702885945635,3,1,19.872373215408675,75.58422706524311,33.33,Standard
8_4,44.51166283437502,45.00023,51.05428718000002,0.20414688743971182,0.056613352886756646,4.766108140349388,32,13,19.893970428805993,75.23222136083533,40.62,Standard
10_14,44.50557448625002,44.663387,48.08402780000006,0.2312081976671767,0.057784300016364525,3.2508074790239334,32,10,19.932934439573806,75.4334301412033,31.25,Standard
4_19,44.50509101631581,42.829987,49.27862578999998,0.2969931743479095,-0.03285767167105782,3.391247397974918,38,11,19.814305922633324,75.53312183646223,28.95,Standard
10_17,44.49681581000003,44.99698,48.36088742000004,0.20009186427330597,0.07772590765985565,2.741911344230175,32,8,19.933965616125707,75.49359831233242,25.0,Standard
10_15,44.490487854054074,44.459557,49.58966561,0.23401198233799161,0.0752469047317093,2.343451164864205,37,12,19.934144301160256,75.45123435684714,32.43,Standard
5_18,44.467957955428595,43.917946,48.17118731000005,0.2790269866942047,0.011024933409769896,3.4062409332820347,35,14,19.833273587553936,75.51345403227936,40.0,Standard
8_0,44.43764133875002,44.245342,46.98855239,0.20960889711483982,0.033983278879339406,1.4817642152309418,40,9,19.892844629226786,75.15233777344142,22.5,Standard
4_14,44.42806950451615,44.32983,47.960979080000016,0.23380370481768692,0.04208547967560929,3.675643282551919,31,8,19.81458614734841,75.43300317287638,25.81,Standard
14_14,44.41082819257145,44.896236,47.868692539999984,0.20033477983682024,0.08729534484699211,2.6101212092808317,35,7,20.014452273454985,75.43151091899583,20.0,Standard
5_8,44.40211308344829,45.130898,48.98125805000001,0.17219711902016077,0.09409173726084197,12.728279919459903,29,7,19.833713453061755,75.31314874397256,24.14,Standard
7_5,44.365993850967754,43.849583,49.09063469,0.2234624291207456,0.027020716052801697,16.80487132841541,31,11,19.87423052341301,75.25173498368619,35.48,Standard
8_6,44.358347158863666,44.084393,48.97954904000005,0.21294708900306428,0.04252710015190584,20.55913543701172,44,10,19.893013974432105,75.27268335600576,22.73,Standard
7_21,44.355099442307704,44.490036,47.51492747000003,0.2425972528692524,0.038001074298320434,3.935262606694148,26,7,19.873289652088165,75.57399945591702,26.92,Standard
12_12,44.33774115920002,44.219128,47.624304110000026,0.21771474266090962,0.06662545549224648,3.547082862854004,25,7,19.973190384701166,75.39069689630249,28.0,Standard
4_9,44.28569610800002,44.2796,48.77446784000006,0.23062674575305384,0.055880263491277164,5.561175274848938,30,13,19.812724134900332,75.33122119096312,43.33,Standard
13_10,44.199010881395374,44.468624,48.54375148999998,0.20793675484863688,0.10703511398012822,1.6202996664269025,43,17,19.993992340684045,75.35175762062721,39.53,Standard
9_17,44.19187145900002,44.69235,48.58647674000002,0.1851271386014022,0.09061972714493888,7.187315718332926,30,7,19.912276523934043,75.49280300604273,23.33,Standard
4_15,44.19095328500001,44.069424,48.17973236,0.26576958521047045,0.013736159370266489,4.102453049491434,34,5,19.812936334944816,75.4529938664524,14.71,Standard
0_14,44.18898038375002,44.982143,48.851373290000026,0.22493905531249317,0.05271702394391883,2.3674140572547913,16,3,19.73933531562108,75.4300958746263,18.75,Standard
0_12,44.18046906421054,44.21094,49.321351040000025,0.24742404251077493,0.013334424635581335,1.4285004578138654,19,6,19.735940935826637,75.39103416255575,31.58,Standard
1_8,44.17122351090911,42.633484,48.30790811000003,0.20774312810964551,0.014295654033987677,4.218282760995807,33,8,19.75278213285045,75.31267746331412,24.24,Standard
12_1,44.15383064923079,44.444645,47.96439710000004,0.2029896730153213,0.07985453745604833,1.267303276520509,26,6,19.9710329986058,75.17092497733046,23.08,Standard
12_14,44.1527132196154,44.13725,46.72878287000003,0.196731997167633,0.1344171127830403,1.8711018333068261,26,5,19.973157458843595,75.43349728198778,19.23,Standard
5_9,44.10431318000003,44.135593,48.69927140000004,0.20058316321173972,0.03525834446463818,23.680093721909955,33,7,19.83333833755812,75.3317508115943,21.21,Standard
9_13,44.10187913545457,43.784237,48.45830099,0.262365225251267,-0.015145691427341712,5.894156304272738,33,10,19.91248219002351,75.41273848551879,30.3,Standard
14_13,44.09285467485716,44.38034,47.887491650000015,0.20316929156789623,0.07039789006702175,2.709515333175659,35,5,20.01358417657885,75.41112292548387,14.29,Standard
14_8,44.01652296392859,44.18801,48.379686530000015,0.24773828404716378,0.09123514352845088,1.3608129428965705,28,8,20.013873631790254,75.31187854951474,28.57,Standard
10_4,44.006216006000024,44.4255,49.05645449000002,0.2555946396231704,0.058030504511083054,9.756237562497457,30,8,19.934391910857933,75.2319236642922,26.67,Standard
11_13,43.97230510454547,43.62336,49.95026672000006,0.2534131420221174,0.02277553541087841,2.804283633376613,33,9,19.95377417028167,75.41332950346819,27.27,Standard
11_14,43.968478533333354,43.91744,49.08550766000002,0.2181329703619031,0.05552753457200468,2.4166146560951516,27,5,19.95410737969814,75.43274821072903,18.52,Standard
8_13,43.9486630597143,44.038837,48.16093325000003,0.2562841482509164,0.014809379920415505,9.593465069362095,35,6,19.894061377585714,75.40990084730502,17.14,Standard
11_3,43.92704223363638,43.533184,47.68753748000006,0.2628473635786764,0.03201334251483653,2.1987913883093633,33,8,19.95379507932392,75.21144716249141,24.24,Standard
7_0,43.895143760000025,43.595966,47.027859620000015,0.19537646304426476,0.021685963705836902,1.261811053051668,17,4,19.876374697469693,75.15533003276879,23.53,Standard
4_8,43.828308065000016,43.824593,47.85502045999999,0.2168732315788132,0.115233183453178,5.202898919582367,36,9,19.81406256590553,75.31275737940724,25.0,Standard
8_11,43.812129437000024,43.22087,46.30153037000002,0.19859660182268662,0.03783373566889441,104.73572082519532,30,1,19.894265487180384,75.37358733325156,3.33,Standard
2_7,43.77263377769232,42.79014,48.577931690000014,0.23218925896311168,0.05171831628118102,16.199308749956963,39,7,19.772906126550367,75.29184374682943,17.95,Standard
6_11,43.755865030000024,43.88423,47.50980044000005,0.15612562288405027,0.06961532999836222,55.69149971008301,27,1,19.853680380125663,75.37049642064287,3.7,Standard
7_12,43.74805580375002,43.55952,48.07890077000002,0.1951044199975238,0.05308135657362617,87.3627113699913,32,4,19.874139559926455,75.39156500232038,12.5,Standard
12_7,43.747115848250026,44.060696,48.84453725000003,0.21660312928988773,0.03915946144760889,1.9572390288114547,40,7,19.97353054324792,75.29225783588487,17.5,Standard
13_13,43.693965637250024,44.006275,47.55936172999998,0.2317406819161147,0.11755920093988385,2.441566050052643,40,9,19.992964770260947,75.41146660063012,22.5,Standard
0_10,43.690732760000024,43.75055,47.61234104000005,0.26171912381697904,0.04533061997246208,1.733423802587721,18,2,19.73389262709112,75.35211336110726,11.11,Standard
12_3,43.66880046500002,44.067093,48.113080970000055,0.21762127076561433,0.04669508613128555,2.9969522670695654,38,7,19.973507741892433,75.2120889168496,18.42,Standard
3_13,43.65584616920001,44.26421,47.86014749000003,0.25101925940504327,0.04298723538461273,2.6250712394714357,25,5,19.79486091230069,75.41208978256935,20.0,Standard
3_16,43.63333850750002,43.57528,50.63728874000003,0.2809078873882393,-0.005487377079649639,5.429326309098138,36,8,19.79492009534063,75.47360204271408,22.22,Standard
7_7,43.573095905000024,43.572575,48.42070277000005,0.23186945002237813,0.07375115894715029,42.78177991280189,26,6,19.87464230438963,75.29193625313371,23.08,Standard
5_14,43.56145695758623,44.040012,46.97488031,0.24407444706987652,0.023428178008398467,5.858569564490483,29,4,19.833694888660272,75.43177596313522,13.79,Standard
7_3,43.559480792000016,43.58361,47.058621800000026,0.23167908197328063,0.04603954369537075,6.820350376764933,30,7,19.87413772861168,75.21320983604217,23.33,Standard
1_7,43.537145658928594,42.32441,48.64458308000002,0.24315443586268856,0.01479124021928288,15.62569180556706,28,2,19.755408790119283,75.29251235451606,7.14,Standard
14_12,43.53543664892859,43.77589,49.42560064999998,0.25509892664292605,0.04879106264524966,2.7658082970551083,28,7,20.01275208766156,75.39104595273298,25.0,Standard
13_14,43.533715431714306,44.436977,49.77594770000002,0.22000093899119377,0.08448007776587851,2.557520362309047,35,11,19.993937588353273,75.4336936621584,31.43,Standard
2_15,43.53236450000003,44.33693,48.181441370000016,0.2888140977049448,0.037687810671245194,2.7239403426647186,24,4,19.772750049459564,75.45245894576978,16.67,Standard
6_3,43.487439145172424,43.022915,47.63968520000003,0.17295351711292598,0.06761650666245463,50.13867101998165,29,3,19.853076975025665,75.21317459672034,10.34,Standard
11_11,43.46999545689657,43.18794,47.98490522000003,0.22047750341232267,0.016044065341711336,9.683333495567584,29,8,19.95081918778149,75.37297526090376,27.59,Standard
4_10,43.460244278000005,44.116558,48.28056394999999,0.21309910135845903,0.08680633883269193,4.293714745839437,30,3,19.81383965059656,75.35194981318993,10.0,Standard
10_18,43.456639080714304,43.5835,47.98832324,0.26840816517682675,0.028022002731576838,3.5298238822392056,28,7,19.93265760398355,75.51155900301697,25.0,Standard
0_7,43.43065251090912,42.518593,46.34938265000005,0.23155568299887763,0.027119692665663997,13.190073706886984,33,2,19.735698090596486,75.29190688701004,6.06,Standard
8_5,43.42661575842107,43.385204,49.511051150000014,0.2563984081320417,-0.0015159219529745605,7.049815868076525,38,8,19.892356786080445,75.2526644879889,21.05,Standard
9_18,43.39957442300001,44.14712,48.13700711000001,0.23384409015929222,0.035255566274563624,3.0368122418721515,30,5,19.91447342950259,75.51184218937435,16.67,Standard
8_20,43.39126313413795,43.744312,49.42389164000002,0.2436308504142859,0.007832052465101033,3.259640438803311,29,8,19.894756644502287,75.55177208757115,27.59,Standard
8_1,43.34595293954547,43.341194,45.80249945000003,0.2277653719966484,-0.005670785008561259,3.66278000311418,22,0,19.894913821021365,75.1725065213084,0.0,Standard
7_16,43.32220374250002,43.589363,47.78666006000003,0.25774024584606187,0.005381760319578075,17.73027933968438,36,6,19.875149083034742,75.47078503243713,16.67,Standard
5_13,43.31447386314287,43.49288,47.37478865000003,0.28888805737047885,-0.013409735589768426,5.830551086153303,35,2,19.83433017559243,75.41247568214204,5.71,Standard
8_8,43.3123232704348,43.284214,46.58180801000003,0.2189916529867365,0.0545023453176155,105.591843812362,23,2,19.89466417437733,75.3124885505932,8.7,Standard
3_1,43.31076287000002,41.265663,44.34642293000002,0.2391031828606619,0.00753727076338645,1.6448819637298584,2,0,19.796104245830925,75.17993783368249,0.0,Standard
2_9,43.304149744347846,43.84092,47.03640467000002,0.24176042260100108,0.014508210660927213,2.6176802282748013,23,1,19.77125414971589,75.33271230888329,4.35,Standard
8_12,43.30358502800002,43.13577,49.464907880000055,0.20754365312202108,0.03621744095656586,65.63677895863852,30,1,19.89487550451614,75.39117606522812,3.33,Standard
15_15,43.276689483125026,43.927658,47.40213281000001,0.256214269399429,0.06410535486497448,2.1174680925905704,32,5,20.033304552451145,75.45111321978052,15.62,Standard
10_3,43.25647331900002,43.63303,47.61917707999999,0.26550431810927055,0.031095354284751735,9.846912920475006,30,7,19.933925760706806,75.21206292438441,23.33,Standard
6_6,43.24813268000002,42.836773,48.31474415000002,0.2654673443623001,0.04829309116460233,31.07193411097807,34,9,19.85370207806948,75.27250411560169,26.47,Standard
4_7,43.23734380040002,43.99123,47.13894527000002,0.20155099213519448,0.04960163432681939,16.662331371307374,25,5,19.813142282497612,75.2925652721505,20.0,Standard
10_20,43.236794780937515,44.109207,49.18975727000003,0.2529942447661529,0.016495337144280454,2.7956282421946526,32,6,19.933106349570778,75.5529034911402,18.75,Standard
13_1,43.233063951071436,43.394463,48.80864803999998,0.2527743641938355,0.08780183492666968,3.1573792355401173,28,5,19.993910739476842,75.17230079284093,17.86,Standard
9_0,43.22846335718752,43.301266,47.62259510000001,0.2418305400527392,0.005061780060475137,1.4765563383698463,32,4,19.912840822583608,75.15313069972652,12.5,Standard
1_6,43.220693424054076,42.211887,47.53030855999998,0.2386450084578359,0.020173241554386722,3.641163362039102,37,2,19.752758933007893,75.27176032714681,5.41,Standard
8_3,43.118277706666674,43.71767,48.30790811000003,0.2403130977435582,0.014766581705860829,2.59945449564192,27,6,19.892792663211527,75.21222990559447,22.22,Standard
5_16,43.108031558750014,43.067097,46.699729700000034,0.2819591295667558,-0.02203457500608558,3.688617924849192,24,4,19.834898986257027,75.47127751553899,16.67,Standard
7_1,43.10175094700002,43.163017,46.81594238000002,0.24602357821862983,-0.005917761276704156,1.9878836909929911,30,5,19.872928891202754,75.17191251622079,16.67,Standard
2_20,43.080046519999996,40.657547,43.19967722000001,0.3781342711203036,-0.09698326545464284,3.1730148792266846,2,0,19.783157192417743,75.5427907788876,0.0,Standard
6_4,43.06526589297299,43.108315,45.94947431000003,0.19172612689261873,0.040799418225272735,32.68188463675009,37,0,19.852826779969508,75.23190966112183,0.0,Standard
15_2,43.052295452857166,43.350986,46.68605762000004,0.2407119302474315,-0.01942146984160789,1.7231457630793254,21,2,20.03203225100122,75.19323440602072,9.52,Standard
3_19,43.038053702857155,42.01874,47.04665872999999,0.31047693837612234,-0.03050211467786805,13.763485452107021,35,2,19.791791699546835,75.53188277375007,5.71,Standard
6_5,43.03505798648651,42.980263,47.51663647999999,0.20517127019403705,0.04800143723829562,38.12986654848666,37,4,19.854452975592118,75.25265260086155,10.81,Standard
6_19,42.97146334892859,43.285946,48.45146495000006,0.27219347584887627,-0.008529176944180062,6.699861986296518,28,5,19.85306027434145,75.5344662145772,17.86,Standard
6_9,42.942043962500016,43.035633,47.978069180000034,0.16137231543510588,0.048943711023658354,100.1746586561203,32,2,19.852109293210972,75.3311159961963,6.25,Standard
9_12,42.9182084518182,43.24777,45.95631035000002,0.22077796517535858,0.007342696930915181,13.983142664938262,33,0,19.914448548979905,75.39304543270508,0.0,Standard
11_8,42.89959517000002,42.755432,48.755668730000025,0.2637304449236596,-0.007644120566449429,5.864797823569354,34,7,19.952718021733915,75.31324450281129,20.59,Standard
6_0,42.88892223500002,42.98511,45.088133270000014,0.165587630971507,0.060656269304944915,1.402393102645874,6,0,19.854042950210175,75.15865267795334,0.0,Standard
2_17,42.72576356818183,42.84192,47.97465116000001,0.26964310547633896,0.014011996319676916,22.36888177467115,33,8,19.773554541034997,75.49294411794679,24.24,Standard
2_18,42.71340283892859,42.436592,48.84966428000001,0.31349844683492245,-0.025402751931128714,5.751157207148416,28,3,19.776825517759285,75.51043621932054,10.71,Standard
2_19,42.711413063000016,41.971085,44.85399890000002,0.3532334199719952,-0.0553602393541181,3.191066932678223,10,0,19.77832255532364,75.52674938226592,0.0,Standard
2_8,42.68301908257145,42.253597,47.47049321000003,0.2640226212087058,-0.02621036924066937,4.12074533190046,35,2,19.77535522593062,75.31098774537615,5.71,Standard
14_2,42.67247072972975,42.344765,47.80887719000003,0.2361763590833611,0.009050431243293688,11.421311797322454,37,1,20.013788246210165,75.19426078817037,2.7,Standard
11_1,42.66164066000002,42.422146,46.57668097999999,0.2880420418979775,-0.009381325772301675,1.3174997287638046,34,3,19.953008944536037,75.17203098278048,8.82,Standard
0_8,42.59776389800002,41.362804,48.82744715000001,0.2570586120892475,-0.024007431622974407,3.4551761729376658,35,5,19.732937498530248,75.3139213889352,14.29,Standard
15_9,42.59175794857144,42.774036,48.55229654000004,0.24869885283000034,0.04946702542968879,1.8901191836311704,21,6,20.033833796116134,75.33317280315325,28.57,Standard
5_0,42.49898312000005,42.71167,42.49898312000005,0.1881561238223418,0.0723967636860355,1.5659669637680054,1,0,19.841369232111752,75.16109903812296,0.0,Standard
11_7,42.493205038571446,42.532608,49.06499954000003,0.2734230969919585,-0.03600960566707558,6.078742129462106,21,4,19.954215546387235,75.29080890346196,19.05,Standard
2_6,42.46407048714288,41.863544,46.08961313000003,0.27477854650072275,0.0034527757370715856,3.8402674879346574,21,1,19.773188103565502,75.27203026569778,4.76,Standard
12_0,42.46045271272729,42.749462,45.800790440000014,0.282385547699798,0.026726196193435584,1.1275675974108956,22,0,19.970680342026537,75.1551428491067,0.0,Standard
7_13,42.422463575483896,42.890987,47.67557441000002,0.2803993931262182,-0.011287423359287306,39.794664075297696,31,3,19.873060164197774,75.41102692382849,9.68,Standard
6_14,42.39005886500002,42.866783,47.64310322000006,0.2966740207963348,-0.028366141043578305,11.219826600130867,34,2,19.851254665523832,75.43029986792408,5.88,Standard
12_13,42.36873214357144,42.837616,47.99686829000001,0.23968224149857206,0.12320862430325152,2.2842559473855153,28,3,19.973131985918712,75.41238965446803,10.71,Standard
15_1,42.367029558421066,42.410816,47.66873837000003,0.32009227101025695,-0.008643175818501304,8.820001915881509,38,3,20.030273586194227,75.1699609578006,7.89,Standard
13_12,42.345898549250016,43.241497,47.791787090000014,0.2447151091519999,0.08613230977701983,2.5088409394025804,40,2,19.991938494774747,75.39273634287332,5.0,Standard
5_17,42.31000804454548,42.89859,45.25561625,0.31854055180362506,-0.020393792246422404,3.4085762211770723,33,0,19.833084978032737,75.49209699476015,0.0,Standard
9_1,42.29893657108111,42.52847,45.96143738000001,0.2773612699807805,-0.031630853764624225,1.4276965308833767,37,0,19.913136371106326,75.1735757073143,0.0,Standard
0_9,42.216711635000024,41.994366,47.21243270000002,0.26404952046667823,-0.01269011400074139,1.6203542053699493,24,2,19.734630274976357,75.33331601412671,8.33,Standard
9_21,42.2129038407895,42.98854,49.88703335000002,0.2648936536508514,-0.0175739951095,3.0364307604337992,38,6,19.914418348123217,75.57127653130978,15.79,Standard
0_5,42.19700105300001,42.085255,46.590353059999984,0.26275956354508495,-0.023301514544399195,1.4105842530727386,20,2,19.734700457684216,75.25057742632364,10.0,Standard
2_16,42.183691616585385,43.19346,47.373079640000014,0.30035767358421944,0.0067285291540296315,5.7353639660812,41,1,19.773863834968395,75.47198555446728,2.44,Standard
6_8,42.17050134500001,42.379173,46.81765139000004,0.21995511310563337,0.02660318328241906,83.57383610220516,34,2,19.85280250817476,75.30993149515686,5.88,Standard
6_7,42.132703686451634,42.303257,46.626242270000034,0.259069603222413,0.013930869299601429,38.83220989473404,31,1,19.854995715699445,75.29299752279343,3.23,Standard
5_15,42.07470760516131,42.13453,45.50171369000003,0.3042939870800001,-0.04950596439524309,5.570989662601102,31,0,19.835311272815158,75.45204973763529,0.0,Standard
11_12,42.068752059714306,42.961987,47.66019332000002,0.25900271489249277,0.003400973395084386,4.615189416067941,35,6,19.951525121011446,75.39303467973025,17.14,Standard
7_6,42.06330343275864,42.490833,48.77104982000003,0.25854378932613065,0.014572011540604467,11.234674568833976,29,5,19.873200581931947,75.27052733232843,17.24,Standard
6_10,42.049000787000026,42.258778,43.92087944000002,0.1537271538092476,0.04300545793468814,132.77943353652955,40,0,19.853566672850498,75.350469781648,0.0,Standard
14_7,41.99489353040001,42.00969,46.78688921000003,0.28249596365783675,0.0007404562950330284,1.3165940380096435,25,1,20.012626738271745,75.29146577668321,4.0,Standard
0_4,41.97638585157897,41.598934,46.02467075000004,0.30677519386056895,-0.04283548922305314,1.5721884369850159,38,1,19.731553127483963,75.2321195630575,2.63,Standard
15_12,41.932984326666684,43.25678,46.26564116000003,0.2264881995994571,0.07301231769226245,2.93231588822824,27,1,20.0325014991662,75.39175700154075,3.7,Standard
8_22,41.89912061000004,44.022186,42.64595798000005,0.24290907934155795,-0.0029225213340697484,2.767751932144165,2,0,19.897714598153478,75.58377405974437,0.0,Standard
0_2,41.896841930000015,41.55286,42.42036866000001,0.3857713234882197,-0.09303059425508377,1.1090654929478962,3,0,19.738861100280122,75.20094049153658,0.0,Standard
10_12,41.88321732250002,42.37017,48.229293650000045,0.288244162527692,-0.006301003094939257,5.8597878615061445,36,3,19.934933863329874,75.39138564249815,8.33,Standard
7_11,41.80746070700002,41.738125,45.21460001000003,0.17776509618122907,0.034000946985952865,166.6825424194336,30,0,19.87380483870405,75.37263118049279,0.0,Standard
9_10,41.78723742200002,42.105614,45.50171369000003,0.1575908287681358,0.03536375916971162,127.96967709859213,30,0,19.912570925261598,75.35430126217197,0.0,Standard
13_2,41.78500284548389,42.374523,46.54591879999998,0.24343041137140728,-0.0018920737645559038,8.453674670188658,31,1,19.993932904146373,75.19082966875658,3.23,Standard
8_10,41.750667687297316,41.80417,48.76934081000002,0.18293154512469673,0.03090095912900218,158.789687491752,37,1,19.893668119660195,75.3512900396849,2.7,Standard
7_2,41.711243444000026,43.19208,44.77709345000005,0.23624481434742522,0.022409342730004767,3.1895655155181886,30,0,19.873107500549796,75.19125964695041,0.0,Standard
10_13,41.70845206100002,42.172485,44.968502570000055,0.2794468070695771,-0.029173855354635347,4.4297460873921715,30,0,19.93201697254474,75.41254797014545,0.0,Standard
11_10,41.69583836789475,42.10193,48.64629209000003,0.2718642146340501,-0.015120154507576226,16.133982645837886,38,6,19.952816146536524,75.35187350084942,15.79,Standard
7_9,41.69150178909092,41.77595,44.38060313000005,0.16734612841900529,0.04041567413300104,176.59317848899147,33,0,19.87385190175263,75.33250580214688,0.0,Standard
15_13,41.68857057800002,42.726967,46.932155060000014,0.2799756529581436,0.015727476182041462,3.466917904218038,30,3,20.033932257295298,75.41287805172179,10.0,Standard
10_2,41.66620696142859,42.538162,46.682639600000016,0.25433692166490807,-0.006440531144442401,2.2267680883407595,35,3,19.932387219681758,75.19082240842324,8.57,Standard
3_14,41.647301701739146,42.22479,47.37478865000003,0.31791417246348674,-0.021315965261874962,3.1863536731056543,23,6,19.791928712619566,75.43107407736204,26.09,Standard
6_13,41.59116803387098,42.25537,49.40851055000002,0.349885506733563,-0.0452779198451611,15.58619228486092,31,3,19.853865385477906,75.41148402756093,9.68,Standard
9_3,41.556712187096785,42.622414,45.62818043000004,0.30278756781323607,-0.04265816355688133,4.889663653988992,31,0,19.91446497433454,75.21232572444809,0.0,Standard
15_14,41.53698139100002,42.84838,46.37843582000005,0.2722158369445975,0.018008008489266345,2.5109643936157227,30,1,20.03300257613624,75.43341147763294,3.33,Standard
5_7,41.511175340000015,42.32649,44.79076553000005,0.23944481386840136,0.014462721787282362,30.22520994257044,27,0,19.831464662372515,75.29274537378988,0.0,Standard
1_5,41.50043299142859,41.43725,45.22485406999999,0.27880277726415376,-0.019152116171150268,2.279076738016946,28,0,19.753910516934532,75.25266521462217,0.0,Standard
13_3,41.49981042350002,41.647594,46.510029590000045,0.24566832272080436,-0.03426719263886492,2.6197327941656114,40,3,19.992308052058384,75.2112426986537,7.5,Standard
9_11,41.4261373596552,42.309948,45.58203716000003,0.25900761639931286,-0.019690296238224145,24.630747482694428,29,0,19.914254244325427,75.37303403902068,0.0,Standard
10_0,41.42166016756759,42.16395,45.18725585000004,0.2549060873426662,-0.014709194979297919,1.452858170947513,37,0,19.93198185041705,75.15425543265988,0.0,Standard
13_4,41.41521183909094,41.85431,46.91506496,0.2244495471828045,-0.02351987775403848,1.7402355454184792,33,2,19.992502343552033,75.23012416515368,6.06,Standard
4_4,41.40240906071431,41.501137,44.63695462999999,0.23186816567198232,0.03235372386608245,25.80467711176191,28,0,19.81151948093679,75.23264992592269,0.0,Standard
8_9,41.39906428400002,41.618843,44.64379067000005,0.23069331861336567,0.006613072404003046,129.07547264099122,40,0,19.89406075054815,75.32954168016194,0.0,Standard
10_1,41.33269772900001,41.880127,44.47801670000001,0.2937784757947466,-0.03970440190628802,1.2863998810450237,30,0,19.933225419642593,75.17293383305262,0.0,Standard
15_7,41.32964050000002,41.56409,46.31691146000003,0.2762188150595893,-0.013061215321077915,1.4563060248339619,27,2,20.03292132692709,75.29179000003465,7.41,Standard
15_4,41.27800940900001,41.737175,47.25003092000003,0.2949896944266341,-0.02953433287449568,3.064735492070516,30,3,20.030863674839296,75.23224888482123,10.0,Standard
5_4,41.27170031375002,41.955013,45.40259111,0.22713378772879736,0.05404467249449844,37.634375154972076,16,0,19.8346022525893,75.22865538918388,0.0,Standard
7_10,41.24260944500002,41.37618,44.37718511000003,0.22021484795887247,0.01508153585699595,168.28962438246782,34,0,19.873351466019766,75.35266912437584,0.0,Standard
4_16,41.23903258760002,41.93538,45.525639830000046,0.305531568166905,-0.02279448494441412,5.24845871925354,25,0,19.813475286283083,75.4732605197938,0.0,Standard
11_0,41.10547122695654,41.904915,45.373537940000006,0.31591711491364516,-0.030015806188484463,1.651508357213891,23,0,19.95560933561942,75.15400103452815,0.0,Standard
5_5,40.996718356052654,41.061737,44.16184985000001,0.2901127976844002,-0.02579880742571491,49.32436616797196,38,0,19.834491317740788,75.24981096724333,0.0,Standard
15_8,40.975827957500016,41.35236,48.20707651999999,0.27949601783529915,0.006829749666286893,1.872248152891795,24,1,20.034938687844754,75.31215871641707,4.17,Standard
12_10,40.94160891636365,41.800743,46.84328654000001,0.2904093786263248,-0.03805139516103095,9.728920091282237,22,1,19.972720079518375,75.35285214694414,4.55,Standard
9_2,40.905879054615404,41.797092,46.41432502999999,0.2975588820972191,-0.05869371104258046,2.097170142027048,39,1,19.912811081699882,75.19237247071517,2.56,Standard
4_1,40.86289088000002,41.36652,43.96873172000005,0.2349652443490651,-0.035645384305195024,1.6752722925610013,9,0,19.816657079677846,75.17567063275447,0.0,Standard
7_8,40.85389933189192,41.218685,44.46434462000002,0.30557616501475116,-0.008857883504282618,112.58150105863004,37,0,19.872824296520072,75.31252578927617,0.0,Standard
9_19,40.785217613913076,41.954468,47.52689054000001,0.2918972270186552,-0.03628970349704248,3.4803034740945566,23,2,19.913333564914865,75.53229767967365,8.7,Standard
2_5,40.681166150000024,41.11021,43.775613590000034,0.2573798655251724,0.004786614518277431,1.906692263407585,39,0,19.774172503826275,75.2527822104484,0.0,Standard
1_9,40.67724419115387,41.111145,42.748498580000046,0.301090994810987,-0.05400937398873655,2.071603380716764,26,0,19.752489757485254,75.33137131735351,0.0,Standard
8_2,40.64758817257146,42.314465,45.32397665000002,0.26299184319907287,-0.03250481013838625,4.319215890339443,35,0,19.893121364147806,75.190447055055,0.0,Standard
6_1,40.600470203461555,41.458755,43.64401982000004,0.25555158938923167,-0.012201257445021403,2.3109224988864017,26,0,19.85573215930748,75.17198110112949,0.0,Standard
3_2,40.58764532500002,40.647945,45.50342269999999,0.3169483339381304,-0.05214279424917599,2.3298462794886694,36,0,19.793479139745507,75.19274512236672,0.0,Standard
3_6,40.56190573550002,40.72676,45.110350400000016,0.3218491527223688,-0.024374572794896705,4.266342383623123,40,0,19.793219137213836,75.27181697059112,0.0,Standard
13_6,40.52929568843753,41.112476,47.79007808000006,0.33294093511705186,-0.037430312377301156,1.4467087425291538,32,1,19.994223223348403,75.27251258332552,3.12,Standard
5_2,40.494107237272736,40.613865,44.09690747000002,0.26350448414984934,-0.01835894115730816,16.957282940546673,33,0,19.83336579170042,75.19155563351043,0.0,Standard
5_1,40.47561885636366,40.68602,43.36374218000003,0.2964720220926537,-0.05010616631821201,2.1914967840368096,33,0,19.832722277668342,75.17283004736244,0.0,Standard
13_0,40.35690998600002,41.400917,45.49487765000004,0.28029171635793765,0.009690854924156144,1.2537914544343949,20,0,19.99093668664819,75.15239215869411,0.0,Standard
5_3,40.342026738043494,41.031673,44.53954106000003,0.2372912218348492,0.003476038990668963,19.699160752089128,46,0,19.833320580837775,75.21339824740342,0.0,Standard
15_0,40.30262043500002,41.528973,44.14988678000003,0.35036927011475827,-0.1072015945153987,8.083488504091898,18,0,20.031407569163,75.15568877978643,0.0,Standard
6_2,40.246157373846174,40.75356,46.93899110000001,0.2781686462164104,-0.0404240079368355,7.869349442995512,39,1,19.851907025060836,75.19083003948889,2.56,Standard
10_11,40.23638534230771,41.388714,43.93113349999999,0.31457158773297933,-0.04369419730900582,7.003140266125019,26,0,19.933860850308402,75.37345037496203,0.0,Standard
14_1,40.186086167096796,41.154903,46.21266185000002,0.32880145104484093,-0.04107325381097559,9.036142741480182,31,1,20.014003430302733,75.17277606333589,3.23,Standard
4_18,40.170884247500005,40.92011,42.44600380999998,0.34651677878393977,-0.0612469002794893,3.8159666061401367,8,0,19.817807660635406,75.51263686696035,0.0,Standard
3_3,40.15107322368423,40.52577,44.77025741,0.2897911240846806,-0.01915765552220996,7.172249580684461,38,0,19.794657508424077,75.21157437030996,0.0,Standard
11_2,40.13511156090911,40.97455,46.750999999999976,0.35139653211337335,-0.05119714761682637,1.6558042909159805,33,2,19.953495231663585,75.19216298357418,6.06,Standard
0_3,40.04759816500002,40.11526,45.40259111,0.3475788918385955,-0.10880668183412917,1.9169315927558475,36,0,19.73301612092491,75.21288072092135,0.0,Standard
4_6,39.96688761153848,40.706566,44.173812920000046,0.30611990838749387,-0.035454124379162344,9.144349483343271,26,0,19.81504249071058,75.27231426803556,0.0,Standard
10_9,39.948926573750015,40.289917,49.83405404000001,0.29596669390585323,-0.07556265552075511,11.75062781572342,16,2,19.934463179175616,75.33149953692485,12.5,Standard
15_5,39.851266511923086,40.27703,45.89991301999999,0.2608544174192955,-0.025824584105347152,4.41053228194897,26,0,20.03313895873611,75.25123049163541,0.0,Standard
3_18,39.78976281028573,40.428875,45.65039755999999,0.4119885722227372,-0.10540577777961627,4.108480317252023,35,0,19.792689125575674,75.51139576242244,0.0,Standard
10_10,39.7117263783784,40.93273,43.68674507000003,0.23498925033819135,-0.006732256173054592,20.21150965303988,37,0,19.933899850094598,75.35224361958493,0.0,Standard
14_4,39.66120148068967,40.825966,48.01908542000001,0.2891496198538065,-0.019787125428074766,2.074184064207406,29,1,20.012790687797846,75.23208183474176,3.45,Standard
5_6,39.62208451485716,40.010628,43.37741426000002,0.33741539439988927,-0.07003849655338586,13.461041791098458,35,0,19.835011986890674,75.27063132421938,0.0,Standard
14_5,39.54587713666669,39.89893,45.25561625,0.30666057691504844,-0.06639541056489266,2.9306287191532276,27,0,20.014295078649827,75.25196105236756,0.0,Standard
3_5,39.50414415500001,39.950527,44.57543027000003,0.2989502437106909,-0.0424525373563987,3.708592744434581,34,0,19.79388351647499,75.25099416870508,0.0,Standard
2_3,39.48726646516132,39.51498,44.78905652000003,0.36115229742576443,-0.11439800768365617,5.346361960134199,31,0,19.77340525637946,75.21064301767605,0.0,Standard
3_17,39.47149177720932,40.156967,43.12960781000004,0.4211551287455891,-0.11562417225217596,6.962234402811805,43,0,19.793192546562917,75.49304775910227,0.0,Standard
15_10,39.452180807272754,40.455563,46.70485673000002,0.29256268732628793,-0.007543591943781102,4.093173782030742,33,1,20.033218236238696,75.35341320230533,3.03,Standard
4_2,39.431611760000024,40.173325,45.01635485000003,0.2937315577656201,-0.04494963506198059,3.736952273284688,34,0,19.814239470472124,75.19097225546608,0.0,Standard
1_4,39.40774654727275,39.57983,43.56369634999999,0.3950334944228012,-0.0996903224723021,2.6023349220102485,33,0,19.753886598996303,75.23155446767728,0.0,Standard
14_3,39.34244165000002,40.22609,42.52120024999999,0.27926443792902617,-0.073043258840877,3.0398566722869873,22,0,20.01329363654493,75.21146831979262,0.0,Standard
9_20,39.20157039714288,40.511818,42.406696580000016,0.326401655982215,-0.06742842654113256,3.3432087217058455,14,0,19.91403628293086,75.55264455143534,0.0,Standard
1_3,39.04913755600003,39.42098,42.59468767999999,0.40860570773535204,-0.14248639089175777,1.7424916134940254,45,0,19.752882094041343,75.21223549289623,0.0,Standard
3_4,39.0387380680488,39.998394,43.26803762000003,0.2839021382626636,-0.026760338672609203,13.071478773907918,41,0,19.793476877802252,75.23251831708843,0.0,Standard
2_4,38.78193815818184,39.35741,43.28854574000002,0.34550438081683427,-0.07878094953093707,5.238478400490501,33,0,19.772689020808,75.23207525048585,0.0,Standard
4_5,38.60970361250003,39.408237,42.93478067000001,0.3283791252857309,-0.05627388726773975,8.645187124609947,32,0,19.813851960092848,75.2512352891024,0.0,Standard
4_17,38.60718757000002,41.015633,42.89205542000002,0.32865461342999286,-0.041409924825729166,4.033106459511651,18,0,19.816578447352587,75.48742079685849,0.0,Standard
4_3,38.288324282000026,39.21083,43.39792238000001,0.31431207722989535,-0.07071406277714425,6.781431889533996,30,0,19.81220354560187,75.21154943395779,0.0,Standard
14_0,38.1083135156522,39.55028,40.026045650000015,0.389393938529586,-0.1358488319668906,6.4718242209890615,23,0,20.013330717309227,75.154782711134,0.0,Standard
15_6,37.91707704500001,39.296566,42.480184010000016,0.30962624650993653,-0.07760495428891316,2.081797841717215,34,0,20.032889740437916,75.2734667444604,0.0,Standard
14_6,37.85404930454548,38.724716,41.85468635000001,0.3864444522419577,-0.09585783297845805,4.184277550740675,22,0,20.013431018047303,75.27107499569513,0.0,Standard
2_2,37.49059984454547,37.47325,46.16651858,0.2052990890463605,-0.060366241103754575,3.4686197114713266,33,1,19.77311920917334,75.193983829337,3.03,Standard
1_2,34.43316800750003,35.165066,40.81048124000006,0.16279688887632301,-0.07621868543762116,1.3812194963296254,12,0,19.755465766881155,75.19749716465957,0.0,Standard
